name, email, cell, phone
Wojciech Eisenmann,wojciech.eisenmann@example.com,0179-0757087,0108-5153429
June Miles,june.miles@example.com,(124)-251-3354,(855)-337-2528
Angela Knapp,angela.knapp@example.com,0174-0517272,0960-0760772
Eliza Schmidt,eliza.schmidt@example.com,0798-456-194,0181 241 2102
Miriam Mason,miriam.mason@example.com,(584)-325-5623,(463)-581-7444
Jacob Hunt,jacob.hunt@example.com,(653)-377-5048,(979)-121-6356
Franklin Cavalcanti,franklin.cavalcanti@example.com,(35) 3058-1700,(10) 8422-3393
Florence Eckstein,florence.eckstein@example.com,0173-4467810,0770-0891470
Armando King,armando.king@example.com,(620)-987-0619,(255)-262-6674
Norman Frazier,norman.frazier@example.com,(729)-712-1726,(155)-045-5774
Brittany Reid,brittany.reid@example.com,(934)-944-8196,(363)-236-6779
Vera da Cunha,vera.dacunha@example.com,(00) 6571-7989,(82) 1935-9973
Jared Powell,jared.powell@example.com,(585)-149-7876,(586)-425-6203
Shawn Hansen,shawn.hansen@example.com,0728-813-095,015394 66087
Eleonora Brehm,eleonora.brehm@example.com,0175-3491092,0448-1108987
Grace Kim,grace.kim@example.com,0727-630-047,01037 131580
Telmo Cardoso,telmo.cardoso@example.com,(30) 9122-3653,(36) 9315-9982
Eugenie Ecker,eugenie.ecker@example.com,0172-6200881,0178-5472891
Monja Bühner,monja.buhner@example.com,0171-4107689,0647-5430533
Kyle Myers,kyle.myers@example.com,0720-026-925,017684 95262
Ditmar Nestler,ditmar.nestler@example.com,0170-6223450,0647-5282504
Nídio Sales,nidio.sales@example.com,(17) 1653-3375,(91) 1533-6080
Emília Fogaça,emilia.fogaca@example.com,(89) 3176-1284,(50) 5721-3163
Dwayne Black,dwayne.black@example.com,(513)-985-6227,(814)-011-6163
Marta Thome,marta.thome@example.com,0170-5342418,0970-9009591
Russell Brown,russell.brown@example.com,(327)-085-4692,(387)-355-9371
Barbara Vargas,barbara.vargas@example.com,0787-476-295,015396 70342
Jeannette Markmann,jeannette.markmann@example.com,0171-8283869,0883-4341073
Josini Nogueira,josini.nogueira@example.com,(39) 1836-3906,(26) 8824-9827
Carlos Burns,carlos.burns@example.com,(696)-223-6925,(044)-518-8524
Elba Gomes,elba.gomes@example.com,(89) 7786-1931,(69) 8359-9991
Marina Warnke,marina.warnke@example.com,0178-2495841,0883-7803813
Clecira Freitas,clecira.freitas@example.com,(98) 1575-3108,(87) 1006-1251
Jimmy Herrera,jimmy.herrera@example.com,(224)-646-4395,(896)-100-5073
Lonnie Bates,lonnie.bates@example.com,(140)-130-5756,(450)-528-5148
Katherine Chavez,katherine.chavez@example.com,(123)-212-1727,(872)-770-6109
Courtney Ortiz,courtney.ortiz@example.com,(495)-226-6488,(151)-686-7305
Detlef Gehrke,detlef.gehrke@example.com,0175-8059418,0092-7565767
Wesley Wood,wesley.wood@example.com,(344)-124-3819,(057)-768-8235
Heidelinde Hanke,heidelinde.hanke@example.com,0171-3097911,0117-4422847
Marinho Castro,marinho.castro@example.com,(09) 0218-8358,(83) 8074-4214
Ethan Morrison,ethan.morrison@example.com,(091)-854-5298,(266)-033-9418
Reingard Rieß,reingard.riess@example.com,0170-4176127,0388-5290690
Aiden Mccoy,aiden.mccoy@example.com,0744-341-133,015394 84085
Caroline Morales,caroline.morales@example.com,0733-129-978,017684 75479
Jackson Dean,jackson.dean@example.com,(423)-619-2697,(832)-671-1182
Nadeshda Rasch,nadeshda.rasch@example.com,0172-5527686,0301-5341922
Aci Novaes,aci.novaes@example.com,(83) 9034-5275,(91) 1835-9810
Faith West,faith.west@example.com,0725-476-226,01247 619901
Samantha Howell,samantha.howell@example.com,0744-274-379,019467 85940
Isabella Parker,isabella.parker@example.com,0787-309-106,017687 00346
Dorle Schug,dorle.schug@example.com,0179-1766738,0888-9540674
Samuel Porto,samuel.porto@example.com,(72) 4547-4830,(43) 4510-9134
Queila Cardoso,queila.cardoso@example.com,(62) 3120-4771,(42) 2671-3786
Oxana Ehrich,oxana.ehrich@example.com,0170-5917872,0666-8467903
Jon Hamilton,jon.hamilton@example.com,0705-439-427,016974 87784
Lucy Davies,lucy.davies@example.com,0766-203-845,017683 39603
Dwayne Robinson,dwayne.robinson@example.com,0717-800-720,0112341 245 2269
Nina da Cruz,nina.dacruz@example.com,(56) 6404-1026,(45) 6297-7831
Severin Brink,severin.brink@example.com,0177-1360867,0987-3985897
Anneli Neu,anneli.neu@example.com,0172-2674268,0090-2500233
Fernando Hayes,fernando.hayes@example.com,0740-333-462,015394 98175
Glaúcia Gonçalves,glaucia.goncalves@example.com,(06) 4267-6517,(60) 7035-2710
Luca Cardoso,luca.cardoso@example.com,(82) 6897-3763,(64) 4275-5891
Clara Brooks,clara.brooks@example.com,(957)-922-3597,(678)-231-9584
Georgino Martins,georgino.martins@example.com,(78) 8425-9447,(20) 7717-5521
Billy Nelson,billy.nelson@example.com,(183)-145-1042,(441)-703-2483
Onildo Oliveira,onildo.oliveira@example.com,(72) 5417-5794,(48) 1808-5602
Hans-Dietrich Rumpf,hans-dietrich.rumpf@example.com,0177-8776198,0719-3234429
Jessica Jackson,jessica.jackson@example.com,(691)-826-0385,(510)-292-2269
Guenter Knoche,guenter.knoche@example.com,0173-7649993,0849-7355468
Florence Murphy,florence.murphy@example.com,0735-460-155,015394 22970
Robert Pausch,robert.pausch@example.com,0176-7529417,0436-7629639
Terrance Hunter,terrance.hunter@example.com,(024)-779-9620,(711)-474-0288
Damian Burkart,damian.burkart@example.com,0172-2003219,0673-8699573
Tracy Hunt,tracy.hunt@example.com,(488)-185-4334,(987)-401-8936
Byron Collins,byron.collins@example.com,(567)-587-7003,(501)-289-3910
Kitty Frazier,kitty.frazier@example.com,(837)-244-8514,(589)-355-1848
Verena Oliveira,verena.oliveira@example.com,(31) 2283-1445,(66) 2084-4242
Anne-Kathrin Uhl,anne-kathrin.uhl@example.com,0175-8760689,0802-8898979
Lias Duarte,lias.duarte@example.com,(14) 5459-7973,(21) 7882-4662
Angel Fletcher,angel.fletcher@example.com,0729-615-832,015242 69273
Áquila Nogueira,aquila.nogueira@example.com,(68) 4394-2356,(63) 3341-3916
Stavros Langguth,stavros.langguth@example.com,0178-8439930,0038-5257677
Debbie Burns,debbie.burns@example.com,0798-682-414,019467 18814
Laurie Webb,laurie.webb@example.com,(617)-684-8123,(769)-298-8837
Silke Hofer,silke.hofer@example.com,0179-8558145,0539-4524667
Gottlob Rösler,gottlob.rosler@example.com,0175-3669150,0797-9993107
Penny Carr,penny.carr@example.com,(764)-338-0163,(491)-022-7505
Hector Barnett,hector.barnett@example.com,0717-222-648,017687 98821
Tatiano Castro,tatiano.castro@example.com,(02) 3842-2723,(76) 4448-5131
Arnim Schacht,arnim.schacht@example.com,0178-0662021,0911-4756039
Raphael Göbel,raphael.gobel@example.com,0174-8216357,0110-5853498
Scarlett Bell,scarlett.bell@example.com,0731-296-980,016977 0988
Greg Gray,greg.gray@example.com,(083)-220-8298,(935)-979-7589
Suzanna Smith,suzanna.smith@example.com,0737-753-446,015395 37191
Almerinda Ramos,almerinda.ramos@example.com,(66) 6986-0179,(19) 1198-5005
Emily Nguyen,emily.nguyen@example.com,(521)-551-0414,(820)-701-7150
Ken Knight,ken.knight@example.com,(202)-239-7859,(546)-469-0424
Cedrico Cavalcanti,cedrico.cavalcanti@example.com,(06) 8710-9209,(70) 5719-0986
